{"version":{"json_export":"171","page_segmentation":"5","schema":"1.0.0","structure":"1.949.0","table_structure":"5"},"extended_metadata":{"ID_instance":"AA 90 54 83 F6 B2 B2 11 0A 00 67 45 8B 6B C6 23 ","ID_permanent":"38 42 20 41 33 20 35 33 20 38 33 20 46 36 20 42 32 20 42 32 20 31 31 20 30 41 20 30 30 20 36 37 20 34 35 20 38 42 20 36 42 20 43 36 20 32 33 20 ","pdf_version":"1.6","pdfa_compliance_level":"","is_encrypted":false,"has_acroform":false,"is_digitally_signed":false,"pdfua_compliance_level":"","page_count":1,"has_embedded_files":false,"is_certified":false,"is_XFA":false,"language":"zh-TW"},"elements":[{"Bounds":[0.600006103515625,828.6479949951172,9.600006103515625,839.5559997558594],"Font":{"alt_family_name":"Titlingmes New Roman","embedded":false,"encoding":"WinAnsiEncoding","family_name":"Titlingmes New Roman","font_type":"TrueType","italic":false,"monospaced":false,"name":"Times New Roman","subset":false,"weight":400},"HasClip":false,"Page":0,"Path":"//Document/Sect/P","Text":"1 ","TextSize":12,"attributes":{"LineHeight":14.375}}],"pages":[{"boxes":{"CropBox":[0,0,595.5599975585938,842.0399780273438],"MediaBox":[0,0,595.5599975585938,842.0399780273438]},"height":842.0399780273438,"page_number":0,"rotation":0,"width":595.5599975585938}]}